{
  "agent": {
    "action_history": [],
    "action_history_limit": 32,
    "base_metabolic_rate": 0.015,
    "cycle": 6,
    "dopamine": 0.12,
    "drive_urgencies": {
      "comfort": 0.22999999999999998,
      "exploration": 0.78,
      "hunger": 0.5,
      "safety": 0.11999999999999997,
      "social": 0.8200000000000001,
      "thermal": 0.05599999999999994
    },
    "energy": 0.5,
    "episodes": [],
    "fatigue": 0.0,
    "fatigue_accumulation_rate": 0.08,
    "identity_traits": {
      "resource_conservatism": 0.55,
      "risk_aversion": 0.65
    },
    "interoceptive_layer": {
      "base_error_precision": 0.8,
      "beliefs": {
        "danger": 0.47866683709384206,
        "food": 0.39965973806813326,
        "novelty": 0.352875158371314,
        "shelter": 0.26402497210400633,
        "social": 0.21175176649738653,
        "temperature": 0.4786628590286837
      },
      "digestion_threshold": 0.06,
      "error_precision_scale": 1.4,
      "initial_precision": 0.45,
      "max_precision": 3.0,
      "min_precision": 0.05,
      "precision_decay": 0.01,
      "precisions": {
        "danger": 1.6404468432298718,
        "food": 1.4989009095789294,
        "novelty": 1.5870556501844926,
        "shelter": 1.5664068659687798,
        "social": 1.4804622233676905,
        "temperature": 1.3510478419917538
      },
      "top_down_mix": 0.72
    },
    "last_body_state_snapshot": {
      "energy": 0.8,
      "fatigue": 0.2,
      "stress": 0.25,
      "temperature": 0.48
    },
    "long_term_memory": {
      "archived_episodes": [],
      "cluster_centroids": [
        [
          0.38,
          0.58,
          0.22000000000000003,
          0.18,
          0.4600000000000001,
          0.18,
          0.72,
          0.18,
          0.42000000000000004,
          0.42000000000000004,
          0.5,
          0.3,
          -0.33999999999999997,
          0.39999999999999997,
          -0.19999999999999998,
          -0.24,
          -0.03999999999999998,
          -0.12
        ]
      ],
      "cluster_counts": [
        5
      ],
      "cluster_distance_threshold": 0.15,
      "compression_similarity_threshold": 0.95,
      "duplicate_similarity_threshold": 0.999,
      "episodes": [
        {
          "action": "forage",
          "action_taken": "forage",
          "body_state": {
            "energy": 0.18,
            "fatigue": 0.32,
            "stress": 0.82,
            "temperature": 0.46
          },
          "compressed_count": 5,
          "consolidated": true,
          "cycle": 3,
          "embedding": [
            0.38,
            0.58,
            0.22,
            0.18,
            0.46,
            0.18,
            0.72,
            0.18,
            0.42,
            0.42,
            0.5,
            0.3,
            -0.33999999999999997,
            0.39999999999999997,
            -0.19999999999999998,
            -0.24,
            -0.03999999999999998,
            -0.12
          ],
          "errors": {
            "danger": 0.39999999999999997,
            "food": -0.33999999999999997,
            "novelty": -0.19999999999999998,
            "shelter": -0.24,
            "social": -0.12,
            "temperature": -0.03999999999999998
          },
          "observation": {
            "danger": 0.58,
            "food": 0.38,
            "novelty": 0.22,
            "shelter": 0.18,
            "social": 0.18,
            "temperature": 0.46
          },
          "outcome": {
            "energy_delta": -0.08,
            "fatigue_delta": 0.16,
            "free_energy_drop": -0.42,
            "stress_delta": 0.24,
            "temperature_delta": 0.02
          },
          "outcome_state": {
            "energy_delta": -0.08,
            "fatigue_delta": 0.16,
            "free_energy_drop": -0.42,
            "stress_delta": 0.24,
            "temperature_delta": 0.02
          },
          "predicted_outcome": "survival_threat",
          "prediction": {
            "danger": 0.18,
            "food": 0.72,
            "novelty": 0.42,
            "shelter": 0.42,
            "social": 0.3,
            "temperature": 0.5
          },
          "prediction_error": 0.22333333333333333,
          "preference_log_value": -1000.0,
          "preferred_probability": 0.0,
          "risk": 1005.006715652344,
          "state_snapshot": {
            "body_state": {
              "energy": 0.18,
              "fatigue": 0.32,
              "stress": 0.82,
              "temperature": 0.46
            },
            "errors": {
              "danger": 0.39999999999999997,
              "food": -0.33999999999999997,
              "novelty": -0.19999999999999998,
              "shelter": -0.24,
              "social": -0.12,
              "temperature": -0.03999999999999998
            },
            "observation": {
              "danger": 0.58,
              "food": 0.38,
              "novelty": 0.22,
              "shelter": 0.18,
              "social": 0.18,
              "temperature": 0.46
            },
            "prediction": {
              "danger": 0.18,
              "food": 0.72,
              "novelty": 0.42,
              "shelter": 0.42,
              "social": 0.3,
              "temperature": 0.5
            }
          },
          "state_vector": {
            "body_energy": 0.18,
            "body_fatigue": 0.32,
            "body_stress": 0.82,
            "body_temperature": 0.46,
            "err_danger": 0.39999999999999997,
            "err_food": -0.33999999999999997,
            "err_novelty": -0.19999999999999998,
            "err_shelter": -0.24,
            "err_social": -0.12,
            "err_temperature": -0.03999999999999998,
            "obs_danger": 0.58,
            "obs_food": 0.38,
            "obs_novelty": 0.22,
            "obs_shelter": 0.18,
            "obs_social": 0.18,
            "obs_temperature": 0.46,
            "pred_danger": 0.18,
            "pred_food": 0.72,
            "pred_novelty": 0.42,
            "pred_shelter": 0.42,
            "pred_social": 0.3,
            "pred_temperature": 0.5
          },
          "timestamp": 3,
          "total_surprise": 1005.2300489856774,
          "value_label": "survival_threat",
          "value_score": -1.0,
          "weighted_surprise": 1005.2300489856774
        }
      ],
      "max_active_age": 5000,
      "max_episodes": 1024,
      "memory_threshold": 512,
      "minimum_support": 1,
      "preference_model": {
        "log_preferences": {
          "integrity_loss": -100.0,
          "neutral": 0.0,
          "resource_gain": 5.0,
          "resource_loss": -10.0,
          "survival_threat": -1000.0
        },
        "log_probabilities": {
          "integrity_loss": -105.00671565234403,
          "neutral": -5.006715652344034,
          "resource_gain": -0.006715652344033707,
          "resource_loss": -15.006715652344035,
          "survival_threat": -1005.006715652344
        },
        "outcomes": [
          "survival_threat",
          "integrity_loss",
          "resource_loss",
          "neutral",
          "resource_gain"
        ],
        "probabilities": {
          "integrity_loss": 2.4897906369168703e-46,
          "neutral": 0.0066928488906295115,
          "resource_gain": 0.993306847254501,
          "resource_loss": 3.038548695455042e-07,
          "survival_threat": 0.0
        }
      },
      "semantic_patterns": [
        {
          "action": "forage",
          "count": 1,
          "mean_prediction_error": 0.22333333333333333,
          "mean_utility": -1.0,
          "mean_value_score": -1.0,
          "recurrence": 1.0
        }
      ],
      "sleep_batch_size": 128,
      "sleep_interval": 200,
      "sleep_minimum_support": 3,
      "surprise_threshold": 0.4,
      "value_hierarchy": {
        "integrity": -100.0,
        "neutral": 0.0,
        "resource": -10.0,
        "resource_gain": 5.0,
        "resource_loss": -10.0,