{
  "milestone": "M2.10",
  "profiles": {
    "neutral": {
      "behavior_summary": {
        "caution_rate": 0.9012345679012346,
        "exploration_rate": 0.06790123456790123,
        "seek_contact_rate": 0.006172839506172839,
        "action_entropy": 1.2645320416972827,
        "survival_score": 1.6529320987654317,
        "mean_conditioned_prediction_error": 0.04856662459732608,
        "narrative_consistency_proxy": 0.7379629629629629,
        "dominant_action_share": 0.6419753086419753
      },
      "stability_checks": {
        "same_profile_stable": true,
        "no_obvious_personality_collapse": true,
        "action_entropy_floor_met": true,
        "narrative_bias_persists": true
      },
      "final_passed": true
    },
    "threat_sensitive": {
      "behavior_summary": {
        "caution_rate": 0.8827160493827161,
        "exploration_rate": 0.07407407407407408,
        "seek_contact_rate": 0.043209876543209874,
        "action_entropy": 1.2259252325616175,
        "survival_score": 1.680586419753086,
        "mean_conditioned_prediction_error": 0.05139216910340158,
        "narrative_consistency_proxy": 0.7067901234567902,
        "dominant_action_share": 0.6172839506172839
      },
      "stability_checks": {
        "same_profile_stable": true,
        "no_obvious_personality_collapse": true,
        "action_entropy_floor_met": true,
        "narrative_bias_persists": true
      },
      "final_passed": true
    },
    "social_approach": {
      "behavior_summary": {
        "caution_rate": 0.7901234567901235,
        "exploration_rate": 0.04320987654320988,
        "seek_contact_rate": 0.16666666666666669,
        "action_entropy": 1.3887906845797704,
        "survival_score": 1.6461419753086413,
        "mean_conditioned_prediction_error": 0.0642528938131228,
        "narrative_consistency_proxy": 0.7094135802469136,
        "dominant_action_share": 0.5925925925925926
      },
      "stability_checks": {
        "same_profile_stable": true,
        "no_obvious_personality_collapse": true,
        "action_entropy_floor_met": true,
        "narrative_bias_persists": true
      },
      "final_passed": true
    },
    "exploratory": {
      "behavior_summary": {
        "caution_rate": 0.6851851851851852,
        "exploration_rate": 0.2777777777777778,
        "seek_contact_rate": 0.030864197530864196,
        "action_entropy": 1.4700368882870734,
        "survival_score": 1.6150925925925919,
        "mean_conditioned_prediction_error": 0.05167372910313211,
        "narrative_consistency_proxy": 0.6816358024691358,
        "dominant_action_share": 0.5493827160493827
      },
      "stability_checks": {
        "same_profile_stable": true,
        "no_obvious_personality_collapse": true,
        "action_entropy_floor_met": true,
        "narrative_bias_persists": true
      },
      "final_passed": true
    },
    "rigid_cautious": {
      "behavior_summary": {
        "caution_rate": 0.9691358024691358,
        "exploration_rate": 0.012345679012345678,
        "seek_contact_rate": 0.018518518518518517,
        "action_entropy": 1.258720373007388,
        "survival_score": 1.6906172839506168,
        "mean_conditioned_prediction_error": 0.054555515537974844,
        "narrative_consistency_proxy": 0.71875,
        "dominant_action_share": 0.6234567901234568
      },
      "stability_checks": {
        "same_profile_stable": true,
        "no_obvious_personality_collapse": true,
        "action_entropy_floor_met": true,
        "narrative_bias_persists": true
      },
      "final_passed": true
    }
  }
}