{
  "milestone": "M2.10",
  "profiles": {
    "neutral": {
      "behavior_summary": {
        "caution_rate": 0.9814814814814815,
        "exploration_rate": 0.018518518518518517,
        "seek_contact_rate": 0.0,
        "action_entropy": 0.7793902076027632,
        "survival_score": 1.738765432098765,
        "mean_conditioned_prediction_error": 0.04488192621295224,
        "narrative_consistency_proxy": 0.7577932098765432,
        "dominant_action_share": 0.7901234567901234
      },
      "stability_checks": {
        "same_profile_stable": true,
        "no_obvious_personality_collapse": true,
        "action_entropy_floor_met": true,
        "narrative_bias_persists": true
      },
      "final_passed": true
    },
    "threat_sensitive": {
      "behavior_summary": {
        "caution_rate": 0.9814814814814815,
        "exploration_rate": 0.018518518518518517,
        "seek_contact_rate": 0.0,
        "action_entropy": 0.6643411311172867,
        "survival_score": 1.525617283950617,
        "mean_conditioned_prediction_error": 0.047362743735386896,
        "narrative_consistency_proxy": 0.8598765432098765,
        "dominant_action_share": 0.8395061728395061
      },
      "stability_checks": {
        "same_profile_stable": true,
        "no_obvious_personality_collapse": true,
        "action_entropy_floor_met": true,
        "narrative_bias_persists": true
      },
      "final_passed": true
    },
    "social_approach": {
      "behavior_summary": {
        "caution_rate": 0.5864197530864198,
        "exploration_rate": 0.018518518518518517,
        "seek_contact_rate": 0.3950617283950617,
        "action_entropy": 0.6888453093163555,
        "survival_score": 1.6602469135802458,
        "mean_conditioned_prediction_error": 0.0504228557919694,
        "narrative_consistency_proxy": 0.7032407407407407,
        "dominant_action_share": 0.8271604938271604
      },
      "stability_checks": {
        "same_profile_stable": true,
        "no_obvious_personality_collapse": true,
        "action_entropy_floor_met": true,
        "narrative_bias_persists": true
      },
      "final_passed": true
    },
    "exploratory": {
      "behavior_summary": {
        "caution_rate": 0.537037037037037,
        "exploration_rate": 0.45061728395061723,
        "seek_contact_rate": 0.012345679012345678,
        "action_entropy": 1.0205904754136863,
        "survival_score": 1.59395061728395,
        "mean_conditioned_prediction_error": 0.04524095710453772,
        "narrative_consistency_proxy": 0.7785493827160493,
        "dominant_action_share": 0.7345679012345679
      },
      "stability_checks": {
        "same_profile_stable": true,
        "no_obvious_personality_collapse": true,
        "action_entropy_floor_met": true,
        "narrative_bias_persists": true
      },
      "final_passed": true
    },
    "rigid_cautious": {
      "behavior_summary": {
        "caution_rate": 0.9938271604938271,
        "exploration_rate": 0.006172839506172839,
        "seek_contact_rate": 0.0,
        "action_entropy": 0.899919781370771,
        "survival_score": 1.6197530864197527,
        "mean_conditioned_prediction_error": 0.04799186516799016,
        "narrative_consistency_proxy": 0.7993827160493827,
        "dominant_action_share": 0.7098765432098766
      },
      "stability_checks": {
        "same_profile_stable": true,
        "no_obvious_personality_collapse": true,
        "action_entropy_floor_met": true,
        "narrative_bias_persists": true
      },
      "final_passed": true
    }
  }
}