{
  "milestone": "M2.10",
  "profiles": {
    "neutral": {
      "behavior_summary": {
        "caution_rate": 0.9938271604938271,
        "exploration_rate": 0.006172839506172839,
        "seek_contact_rate": 0.0,
        "action_entropy": 1.1704517707597712,
        "survival_score": 1.7216666666666662,
        "mean_conditioned_prediction_error": 0.051999762269145856,
        "narrative_consistency_proxy": 0.7574074074074074,
        "dominant_action_share": 0.6604938271604939
      },
      "stability_checks": {
        "same_profile_stable": true,
        "no_obvious_personality_collapse": true,
        "action_entropy_floor_met": true,
        "narrative_bias_persists": true
      },
      "final_passed": true
    },
    "threat_sensitive": {
      "behavior_summary": {
        "caution_rate": 0.9938271604938271,
        "exploration_rate": 0.006172839506172839,
        "seek_contact_rate": 0.0,
        "action_entropy": 0.8258168907559732,
        "survival_score": 1.650401234567901,
        "mean_conditioned_prediction_error": 0.05420122107214587,
        "narrative_consistency_proxy": 0.758179012345679,
        "dominant_action_share": 0.7283950617283951
      },
      "stability_checks": {
        "same_profile_stable": true,
        "no_obvious_personality_collapse": true,
        "action_entropy_floor_met": true,
        "narrative_bias_persists": true
      },
      "final_passed": true
    },
    "social_approach": {
      "behavior_summary": {
        "caution_rate": 0.7098765432098766,
        "exploration_rate": 0.024691358024691357,
        "seek_contact_rate": 0.2654320987654321,
        "action_entropy": 1.1672136679502159,
        "survival_score": 1.5387654320987647,
        "mean_conditioned_prediction_error": 0.05507115595544987,
        "narrative_consistency_proxy": 0.7429783950617284,
        "dominant_action_share": 0.6604938271604939
      },
      "stability_checks": {
        "same_profile_stable": true,
        "no_obvious_personality_collapse": true,
        "action_entropy_floor_met": true,
        "narrative_bias_persists": false
      },
      "final_passed": false
    },
    "exploratory": {
      "behavior_summary": {
        "caution_rate": 0.7407407407407407,
        "exploration_rate": 0.25925925925925924,
        "seek_contact_rate": 0.0,
        "action_entropy": 1.0627763020539929,
        "survival_score": 1.5205864197530858,
        "mean_conditioned_prediction_error": 0.04904401945987216,
        "narrative_consistency_proxy": 0.704861111111111,
        "dominant_action_share": 0.7222222222222222
      },
      "stability_checks": {
        "same_profile_stable": true,
        "no_obvious_personality_collapse": true,
        "action_entropy_floor_met": true,
        "narrative_bias_persists": false
      },
      "final_passed": false
    },
    "rigid_cautious": {
      "behavior_summary": {
        "caution_rate": 1.0,
        "exploration_rate": 0.0,
        "seek_contact_rate": 0.0,
        "action_entropy": 0.6978555809610648,
        "survival_score": 1.5678395061728392,
        "mean_conditioned_prediction_error": 0.04874979975174929,
        "narrative_consistency_proxy": 0.8083333333333333,
        "dominant_action_share": 0.808641975308642
      },
      "stability_checks": {
        "same_profile_stable": true,
        "no_obvious_personality_collapse": true,
        "action_entropy_floor_met": true,
        "narrative_bias_persists": true
      },
      "final_passed": true
    }
  }
}