{
  "milestone": "M2.10",
  "profiles": {
    "neutral": {
      "behavior_summary": {
        "caution_rate": 0.9629629629629629,
        "exploration_rate": 0.024691358024691357,
        "seek_contact_rate": 0.012345679012345678,
        "action_entropy": 1.0706694279889584,
        "survival_score": 1.698302469135802,
        "mean_conditioned_prediction_error": 0.04141484136845631,
        "narrative_consistency_proxy": 0.8077932098765432,
        "dominant_action_share": 0.7469135802469136
      },
      "stability_checks": {
        "same_profile_stable": true,
        "no_obvious_personality_collapse": true,
        "action_entropy_floor_met": true,
        "narrative_bias_persists": true
      },
      "final_passed": true
    },
    "threat_sensitive": {
      "behavior_summary": {
        "caution_rate": 0.9629629629629629,
        "exploration_rate": 0.012345679012345678,
        "seek_contact_rate": 0.024691358024691357,
        "action_entropy": 1.3377324609446282,
        "survival_score": 1.7938888888888886,
        "mean_conditioned_prediction_error": 0.04333186141301886,
        "narrative_consistency_proxy": 0.688966049382716,
        "dominant_action_share": 0.5925925925925926
      },
      "stability_checks": {
        "same_profile_stable": true,
        "no_obvious_personality_collapse": true,
        "action_entropy_floor_met": true,
        "narrative_bias_persists": true
      },
      "final_passed": true
    },
    "social_approach": {
      "behavior_summary": {
        "caution_rate": 0.7160493827160493,
        "exploration_rate": 0.012345679012345678,
        "seek_contact_rate": 0.2716049382716049,
        "action_entropy": 1.5735311553452451,
        "survival_score": 1.6508950617283944,
        "mean_conditioned_prediction_error": 0.04759835800930662,
        "narrative_consistency_proxy": 0.6611882716049383,
        "dominant_action_share": 0.5308641975308642
      },
      "stability_checks": {
        "same_profile_stable": true,
        "no_obvious_personality_collapse": true,
        "action_entropy_floor_met": true,
        "narrative_bias_persists": false
      },
      "final_passed": false
    },
    "exploratory": {
      "behavior_summary": {
        "caution_rate": 0.6172839506172839,
        "exploration_rate": 0.3148148148148148,
        "seek_contact_rate": 0.06790123456790123,
        "action_entropy": 1.6838663589312157,
        "survival_score": 1.5800617283950609,
        "mean_conditioned_prediction_error": 0.0490382424094854,
        "narrative_consistency_proxy": 0.6397376543209876,
        "dominant_action_share": 0.5
      },
      "stability_checks": {
        "same_profile_stable": true,
        "no_obvious_personality_collapse": true,
        "action_entropy_floor_met": true,
        "narrative_bias_persists": false
      },
      "final_passed": false
    },
    "rigid_cautious": {
      "behavior_summary": {
        "caution_rate": 0.9938271604938271,
        "exploration_rate": 0.006172839506172839,
        "seek_contact_rate": 0.0,
        "action_entropy": 1.0116789886733826,
        "survival_score": 1.6904012345679007,
        "mean_conditioned_prediction_error": 0.0406436750646227,
        "narrative_consistency_proxy": 0.7604938271604939,
        "dominant_action_share": 0.6975308641975309
      },
      "stability_checks": {
        "same_profile_stable": true,
        "no_obvious_personality_collapse": true,
        "action_entropy_floor_met": true,
        "narrative_bias_persists": true
      },
      "final_passed": true
    }
  }
}