{
  "milestone": "M2.10",
  "profiles": {
    "neutral": {
      "behavior_summary": {
        "caution_rate": 0.9074074074074074,
        "exploration_rate": 0.06172839506172839,
        "seek_contact_rate": 0.006172839506172839,
        "action_entropy": 1.3126222578762603,
        "survival_score": 1.6522839506172835,
        "mean_conditioned_prediction_error": 0.048639035264636275,
        "narrative_consistency_proxy": 0.7289351851851852,
        "dominant_action_share": 0.5925925925925926
      },
      "stability_checks": {
        "same_profile_stable": true,
        "no_obvious_personality_collapse": true,
        "action_entropy_floor_met": true,
        "narrative_bias_persists": true
      },
      "final_passed": true
    },
    "threat_sensitive": {
      "behavior_summary": {
        "caution_rate": 0.9567901234567902,
        "exploration_rate": 0.018518518518518517,
        "seek_contact_rate": 0.024691358024691357,
        "action_entropy": 1.3019262170736403,
        "survival_score": 1.7408950617283947,
        "mean_conditioned_prediction_error": 0.056788183575808185,
        "narrative_consistency_proxy": 0.7065586419753087,
        "dominant_action_share": 0.5925925925925926
      },
      "stability_checks": {
        "same_profile_stable": true,
        "no_obvious_personality_collapse": true,
        "action_entropy_floor_met": true,
        "narrative_bias_persists": true
      },
      "final_passed": true
    },
    "social_approach": {
      "behavior_summary": {
        "caution_rate": 0.7530864197530864,
        "exploration_rate": 0.04320987654320988,
        "seek_contact_rate": 0.20370370370370372,
        "action_entropy": 1.462741421102989,
        "survival_score": 1.6587962962962957,
        "mean_conditioned_prediction_error": 0.06464243180769448,
        "narrative_consistency_proxy": 0.6936728395061729,
        "dominant_action_share": 0.5555555555555556
      },
      "stability_checks": {
        "same_profile_stable": true,
        "no_obvious_personality_collapse": true,
        "action_entropy_floor_met": true,
        "narrative_bias_persists": true
      },
      "final_passed": true
    },
    "exploratory": {
      "behavior_summary": {
        "caution_rate": 0.7283950617283951,
        "exploration_rate": 0.24691358024691357,
        "seek_contact_rate": 0.024691358024691357,
        "action_entropy": 1.6270605663096454,
        "survival_score": 1.6356481481481475,
        "mean_conditioned_prediction_error": 0.06489304577589865,
        "narrative_consistency_proxy": 0.6712191358024692,
        "dominant_action_share": 0.5061728395061729
      },
      "stability_checks": {
        "same_profile_stable": true,
        "no_obvious_personality_collapse": true,
        "action_entropy_floor_met": true,
        "narrative_bias_persists": true
      },
      "final_passed": true
    },
    "rigid_cautious": {
      "behavior_summary": {
        "caution_rate": 0.9814814814814815,
        "exploration_rate": 0.006172839506172839,
        "seek_contact_rate": 0.012345679012345678,
        "action_entropy": 1.03613785786819,
        "survival_score": 1.703333333333333,
        "mean_conditioned_prediction_error": 0.05235453582203394,
        "narrative_consistency_proxy": 0.7476851851851851,
        "dominant_action_share": 0.6913580246913581
      },
      "stability_checks": {
        "same_profile_stable": true,
        "no_obvious_personality_collapse": true,
        "action_entropy_floor_met": true,
        "narrative_bias_persists": true
      },
      "final_passed": true
    }
  }
}