{
  "milestone": "M2.10",
  "profiles": {
    "neutral": {
      "behavior_summary": {
        "caution_rate": 0.9444444444444444,
        "exploration_rate": 0.018518518518518517,
        "seek_contact_rate": 0.037037037037037035,
        "action_entropy": 1.150330022172627,
        "survival_score": 1.5937037037037032,
        "mean_conditioned_prediction_error": 0.045424790415934,
        "narrative_consistency_proxy": 0.7411265432098766,
        "dominant_action_share": 0.6851851851851852
      },
      "stability_checks": {
        "same_profile_stable": true,
        "no_obvious_personality_collapse": true,
        "action_entropy_floor_met": true,
        "narrative_bias_persists": true
      },
      "final_passed": true
    },
    "threat_sensitive": {
      "behavior_summary": {
        "caution_rate": 0.8827160493827161,
        "exploration_rate": 0.04938271604938271,
        "seek_contact_rate": 0.06790123456790123,
        "action_entropy": 1.3390887055338772,
        "survival_score": 1.5438271604938267,
        "mean_conditioned_prediction_error": 0.0461368952597527,
        "narrative_consistency_proxy": 0.6868055555555556,
        "dominant_action_share": 0.654320987654321
      },
      "stability_checks": {
        "same_profile_stable": true,
        "no_obvious_personality_collapse": true,
        "action_entropy_floor_met": true,
        "narrative_bias_persists": true
      },
      "final_passed": true
    },
    "social_approach": {
      "behavior_summary": {
        "caution_rate": 0.8148148148148148,
        "exploration_rate": 0.018518518518518517,
        "seek_contact_rate": 0.16666666666666666,
        "action_entropy": 1.5117685292166885,
        "survival_score": 1.637098765432098,
        "mean_conditioned_prediction_error": 0.04835518375018212,
        "narrative_consistency_proxy": 0.7094135802469136,
        "dominant_action_share": 0.5740740740740741
      },
      "stability_checks": {
        "same_profile_stable": true,
        "no_obvious_personality_collapse": true,
        "action_entropy_floor_met": true,
        "narrative_bias_persists": false
      },
      "final_passed": false
    },
    "exploratory": {
      "behavior_summary": {
        "caution_rate": 0.8888888888888888,
        "exploration_rate": 0.0925925925925926,
        "seek_contact_rate": 0.018518518518518517,
        "action_entropy": 1.4664901258680578,
        "survival_score": 1.7148765432098763,
        "mean_conditioned_prediction_error": 0.04563266690665856,
        "narrative_consistency_proxy": 0.6272376543209877,
        "dominant_action_share": 0.5555555555555556
      },
      "stability_checks": {
        "same_profile_stable": true,
        "no_obvious_personality_collapse": true,
        "action_entropy_floor_met": true,
        "narrative_bias_persists": true
      },
      "final_passed": true
    },
    "rigid_cautious": {
      "behavior_summary": {
        "caution_rate": 0.9814814814814815,
        "exploration_rate": 0.006172839506172839,
        "seek_contact_rate": 0.012345679012345678,
        "action_entropy": 1.1963510290422956,
        "survival_score": 1.6780246913580241,
        "mean_conditioned_prediction_error": 0.04198729150767691,
        "narrative_consistency_proxy": 0.7360339506172839,
        "dominant_action_share": 0.654320987654321
      },
      "stability_checks": {
        "same_profile_stable": true,
        "no_obvious_personality_collapse": true,
        "action_entropy_floor_met": true,
        "narrative_bias_persists": true
      },
      "final_passed": true
    }
  }
}