{
  "threat_hardened": {
    "initialized_mean_metrics": {
      "caution_rate": 1.0,
      "exploration_rate": 0.0,
      "seek_contact_rate": 0.0,
      "mean_conditioned_prediction_error": 0.03705596209749716,
      "survival_score": 1.6166666666666663,
      "danger_attention_rate": 0.5514931550023461,
      "social_attention_rate": 0.03703222365153251,
      "novelty_attention_rate": 0.22981739083998803,
      "oracle_regret_rate": 0.75
    },
    "ablated_mean_metrics": {
      "caution_rate": 0.8958333333333334,
      "exploration_rate": 0.10416666666666666,
      "seek_contact_rate": 0.0,
      "mean_conditioned_prediction_error": 0.03224328830768185,
      "survival_score": 1.3614583333333332,
      "danger_attention_rate": 0.5151903033686622,
      "social_attention_rate": 0.0906006686040115,
      "novelty_attention_rate": 0.24260322008225524,
      "oracle_regret_rate": 0.625
    },
    "causality_passed": true,
    "ablation_passed": true
  },
  "social_trusting": {
    "initialized_mean_metrics": {
      "caution_rate": 0.7708333333333333,
      "exploration_rate": 0.14583333333333331,
      "seek_contact_rate": 0.08333333333333333,
      "mean_conditioned_prediction_error": 0.024696138674913076,
      "survival_score": 1.3956249999999997,
      "danger_attention_rate": 0.3481851863851646,
      "social_attention_rate": 0.247045054730575,
      "novelty_attention_rate": 0.1522053536816997,
      "oracle_regret_rate": 0.3333333333333333
    },
    "ablated_mean_metrics": {
      "caution_rate": 0.9166666666666667,
      "exploration_rate": 0.041666666666666664,
      "seek_contact_rate": 0.041666666666666664,
      "mean_conditioned_prediction_error": 0.02722402991190254,
      "survival_score": 1.5085416666666664,
      "danger_attention_rate": 0.29870155637725193,
      "social_attention_rate": 0.28454832824356413,
      "novelty_attention_rate": 0.06344492171027558,
      "oracle_regret_rate": 0.2916666666666667
    },
    "causality_passed": false,
    "ablation_passed": true
  },
  "exploratory_adaptive": {
    "initialized_mean_metrics": {
      "caution_rate": 0.7083333333333334,
      "exploration_rate": 0.27083333333333337,
      "seek_contact_rate": 0.020833333333333332,
      "mean_conditioned_prediction_error": 0.02803739402757606,
      "survival_score": 1.581458333333333,
      "danger_attention_rate": 0.18884696256353806,
      "social_attention_rate": 0.09330794039345117,
      "novelty_attention_rate": 0.20462354283636403,
      "oracle_regret_rate": 0.29166666666666663
    },
    "ablated_mean_metrics": {
      "caution_rate": 0.8958333333333333,
      "exploration_rate": 0.08333333333333333,
      "seek_contact_rate": 0.020833333333333332,
      "mean_conditioned_prediction_error": 0.030864665181891328,
      "survival_score": 1.6012499999999998,
      "danger_attention_rate": 0.1973775459688489,
      "social_attention_rate": 0.014554445815527253,
      "novelty_attention_rate": 0.24761677111570152,
      "oracle_regret_rate": 0.8333333333333334
    },
    "causality_passed": false,
    "ablation_passed": true
  }
}