{
  "threat_hardened": {
    "initialized_mean_metrics": {
      "caution_rate": 0.9583333333333333,
      "exploration_rate": 0.041666666666666664,
      "seek_contact_rate": 0.0,
      "mean_conditioned_prediction_error": 0.03420134429389355,
      "survival_score": 1.5862499999999997,
      "danger_attention_rate": 0.5000025004841899,
      "social_attention_rate": 0.025675100937183996,
      "novelty_attention_rate": 0.24620894727281906,
      "oracle_regret_rate": 0.6041666666666667
    },
    "ablated_mean_metrics": {
      "caution_rate": 0.8125,
      "exploration_rate": 0.16666666666666669,
      "seek_contact_rate": 0.020833333333333332,
      "mean_conditioned_prediction_error": 0.032305254447569466,
      "survival_score": 1.391458333333333,
      "danger_attention_rate": 0.5193891379047739,
      "social_attention_rate": 0.08818028436754433,
      "novelty_attention_rate": 0.25540968007715675,
      "oracle_regret_rate": 0.6041666666666667
    },
    "causality_passed": true,
    "ablation_passed": true
  },
  "social_trusting": {
    "initialized_mean_metrics": {
      "caution_rate": 0.8125,
      "exploration_rate": 0.08333333333333333,
      "seek_contact_rate": 0.10416666666666666,
      "mean_conditioned_prediction_error": 0.025951648096737775,
      "survival_score": 1.4508333333333332,
      "danger_attention_rate": 0.2742397103243806,
      "social_attention_rate": 0.34199290770491,
      "novelty_attention_rate": 0.11359917296914006,
      "oracle_regret_rate": 0.27083333333333337
    },
    "ablated_mean_metrics": {
      "caution_rate": 0.9375,
      "exploration_rate": 0.0625,
      "seek_contact_rate": 0.0,
      "mean_conditioned_prediction_error": 0.0212944779374512,
      "survival_score": 1.5431249999999999,
      "danger_attention_rate": 0.24237735369450142,
      "social_attention_rate": 0.29234081338976314,
      "novelty_attention_rate": 0.08969380012944814,
      "oracle_regret_rate": 0.375
    },
    "causality_passed": true,
    "ablation_passed": true
  },
  "exploratory_adaptive": {
    "initialized_mean_metrics": {
      "caution_rate": 0.75,
      "exploration_rate": 0.1875,
      "seek_contact_rate": 0.0625,
      "mean_conditioned_prediction_error": 0.024130255415685163,
      "survival_score": 1.6341666666666663,
      "danger_attention_rate": 0.16994880987116723,
      "social_attention_rate": 0.0942568664443475,
      "novelty_attention_rate": 0.26102172864913475,
      "oracle_regret_rate": 0.375
    },
    "ablated_mean_metrics": {
      "caution_rate": 0.9791666666666667,
      "exploration_rate": 0.020833333333333332,
      "seek_contact_rate": 0.0,
      "mean_conditioned_prediction_error": 0.02508964709292054,
      "survival_score": 1.6018749999999997,
      "danger_attention_rate": 0.16389453557025113,
      "social_attention_rate": 0.009570322741043823,
      "novelty_attention_rate": 0.28234129416600484,
      "oracle_regret_rate": 0.4583333333333333
    },
    "causality_passed": true,
    "ablation_passed": true
  }
}