{
  "threat_hardened": {
    "initialized_mean_metrics": {
      "caution_rate": 0.9375,
      "exploration_rate": 0.041666666666666664,
      "seek_contact_rate": 0.020833333333333332,
      "mean_conditioned_prediction_error": 0.03725396060522282,
      "survival_score": 1.530208333333333,
      "danger_attention_rate": 0.45950643360417187,
      "social_attention_rate": 0.018847864631554405,
      "novelty_attention_rate": 0.24875391522490906,
      "oracle_regret_rate": 0.5
    },
    "ablated_mean_metrics": {
      "caution_rate": 0.9583333333333334,
      "exploration_rate": 0.041666666666666664,
      "seek_contact_rate": 0.0,
      "mean_conditioned_prediction_error": 0.03321688944900012,
      "survival_score": 1.4014583333333333,
      "danger_attention_rate": 0.5112588343734674,
      "social_attention_rate": 0.11800411760387569,
      "novelty_attention_rate": 0.24336521773696726,
      "oracle_regret_rate": 0.7083333333333333
    },
    "causality_passed": true,
    "ablation_passed": true
  },
  "social_trusting": {
    "initialized_mean_metrics": {
      "caution_rate": 0.7916666666666666,
      "exploration_rate": 0.0625,
      "seek_contact_rate": 0.14583333333333331,
      "mean_conditioned_prediction_error": 0.031322899777073775,
      "survival_score": 1.462708333333333,
      "danger_attention_rate": 0.34395793460370705,
      "social_attention_rate": 0.3184380273563444,
      "novelty_attention_rate": 0.0768437526588035,
      "oracle_regret_rate": 0.2916666666666667
    },
    "ablated_mean_metrics": {
      "caution_rate": 0.9375,
      "exploration_rate": 0.0625,
      "seek_contact_rate": 0.0,
      "mean_conditioned_prediction_error": 0.03114981066266511,
      "survival_score": 1.5508333333333333,
      "danger_attention_rate": 0.3288539632564677,
      "social_attention_rate": 0.23793096099777536,
      "novelty_attention_rate": 0.06968135191258296,
      "oracle_regret_rate": 0.22916666666666669
    },
    "causality_passed": true,
    "ablation_passed": true
  },
  "exploratory_adaptive": {
    "initialized_mean_metrics": {
      "caution_rate": 0.75,
      "exploration_rate": 0.22916666666666669,
      "seek_contact_rate": 0.020833333333333332,
      "mean_conditioned_prediction_error": 0.026811548948282905,
      "survival_score": 1.711458333333333,
      "danger_attention_rate": 0.31398947885916373,
      "social_attention_rate": 0.07751494500570531,
      "novelty_attention_rate": 0.19378933325317582,
      "oracle_regret_rate": 0.5
    },
    "ablated_mean_metrics": {
      "caution_rate": 1.0,
      "exploration_rate": 0.0,
      "seek_contact_rate": 0.0,
      "mean_conditioned_prediction_error": 0.03148216409010451,
      "survival_score": 1.6029166666666665,
      "danger_attention_rate": 0.2192885723023767,
      "social_attention_rate": 0.010864143556243964,
      "novelty_attention_rate": 0.2599700467879948,
      "oracle_regret_rate": 0.7916666666666667
    },
    "causality_passed": true,
    "ablation_passed": true
  }
}