{
  "threat_hardened": {
    "initialized_mean_metrics": {
      "caution_rate": 0.9166666666666667,
      "exploration_rate": 0.08333333333333333,
      "seek_contact_rate": 0.0,
      "mean_conditioned_prediction_error": 0.038938942375677604,
      "survival_score": 1.527708333333333,
      "danger_attention_rate": 0.5841369760989457,
      "social_attention_rate": 0.0415233221639134,
      "novelty_attention_rate": 0.2880693857913049,
      "oracle_regret_rate": 0.5833333333333333
    },
    "ablated_mean_metrics": {
      "caution_rate": 0.9166666666666667,
      "exploration_rate": 0.08333333333333333,
      "seek_contact_rate": 0.0,
      "mean_conditioned_prediction_error": 0.041215583075241743,
      "survival_score": 1.3972916666666664,
      "danger_attention_rate": 0.5592377939292146,
      "social_attention_rate": 0.041427003811359005,
      "novelty_attention_rate": 0.31660264648685954,
      "oracle_regret_rate": 0.5625
    },
    "causality_passed": true,
    "ablation_passed": true
  },
  "social_trusting": {
    "initialized_mean_metrics": {
      "caution_rate": 0.7708333333333333,
      "exploration_rate": 0.14583333333333331,
      "seek_contact_rate": 0.08333333333333333,
      "mean_conditioned_prediction_error": 0.032776638339444955,
      "survival_score": 1.3787499999999997,
      "danger_attention_rate": 0.3417783976304455,
      "social_attention_rate": 0.24055780580219435,
      "novelty_attention_rate": 0.2706003375301159,
      "oracle_regret_rate": 0.2916666666666667
    },
    "ablated_mean_metrics": {
      "caution_rate": 0.9166666666666666,
      "exploration_rate": 0.08333333333333333,
      "seek_contact_rate": 0.0,
      "mean_conditioned_prediction_error": 0.025011150112881145,
      "survival_score": 1.5622916666666664,
      "danger_attention_rate": 0.45160712200667225,
      "social_attention_rate": 0.08524612575189966,
      "novelty_attention_rate": 0.33134273039755047,
      "oracle_regret_rate": 0.6041666666666667
    },
    "causality_passed": true,
    "ablation_passed": true
  },
  "exploratory_adaptive": {
    "initialized_mean_metrics": {
      "caution_rate": 0.7708333333333334,
      "exploration_rate": 0.22916666666666669,
      "seek_contact_rate": 0.0,
      "mean_conditioned_prediction_error": 0.035069341545132235,
      "survival_score": 1.6364583333333331,
      "danger_attention_rate": 0.3229432979024539,
      "social_attention_rate": 0.029709319521402787,
      "novelty_attention_rate": 0.49398962108859656,
      "oracle_regret_rate": 0.2708333333333333
    },
    "ablated_mean_metrics": {
      "caution_rate": 1.0,
      "exploration_rate": 0.0,
      "seek_contact_rate": 0.0,
      "mean_conditioned_prediction_error": 0.029701813747878995,
      "survival_score": 1.6029166666666665,
      "danger_attention_rate": 0.30339623019792383,
      "social_attention_rate": 0.03499416121781281,
      "novelty_attention_rate": 0.4658567594620703,
      "oracle_regret_rate": 0.6458333333333334
    },
    "causality_passed": true,
    "ablation_passed": true
  }
}