{
  "threat_hardened": {
    "initialized_mean_metrics": {
      "caution_rate": 1.0,
      "exploration_rate": 0.0,
      "seek_contact_rate": 0.0,
      "mean_conditioned_prediction_error": 0.036464079815769074,
      "survival_score": 1.5983333333333332,
      "danger_attention_rate": 0.5943188996887632,
      "social_attention_rate": 0.03601714059740617,
      "novelty_attention_rate": 0.2673914211837676,
      "oracle_regret_rate": 0.75
    },
    "ablated_mean_metrics": {
      "caution_rate": 0.8125,
      "exploration_rate": 0.16666666666666666,
      "seek_contact_rate": 0.020833333333333332,
      "mean_conditioned_prediction_error": 0.03192071659044899,
      "survival_score": 1.4135416666666665,
      "danger_attention_rate": 0.558996873418957,
      "social_attention_rate": 0.0426200206980796,
      "novelty_attention_rate": 0.3114311148445942,
      "oracle_regret_rate": 0.7291666666666666
    },
    "causality_passed": true,
    "ablation_passed": true
  },
  "social_trusting": {
    "initialized_mean_metrics": {
      "caution_rate": 0.7916666666666666,
      "exploration_rate": 0.14583333333333331,
      "seek_contact_rate": 0.0625,
      "mean_conditioned_prediction_error": 0.03137562077753196,
      "survival_score": 1.398333333333333,
      "danger_attention_rate": 0.35175900926716047,
      "social_attention_rate": 0.235686800760326,
      "novelty_attention_rate": 0.27472231328678043,
      "oracle_regret_rate": 0.22916666666666669
    },
    "ablated_mean_metrics": {
      "caution_rate": 0.75,
      "exploration_rate": 0.20833333333333334,
      "seek_contact_rate": 0.041666666666666664,
      "mean_conditioned_prediction_error": 0.026091896391687276,
      "survival_score": 1.49375,
      "danger_attention_rate": 0.43437773346426606,
      "social_attention_rate": 0.09226994291385421,
      "novelty_attention_rate": 0.33364665823798245,
      "oracle_regret_rate": 0.8958333333333333
    },
    "causality_passed": true,
    "ablation_passed": true
  },
  "exploratory_adaptive": {
    "initialized_mean_metrics": {
      "caution_rate": 0.7291666666666667,
      "exploration_rate": 0.25,
      "seek_contact_rate": 0.020833333333333332,
      "mean_conditioned_prediction_error": 0.033287126883691696,
      "survival_score": 1.577083333333333,
      "danger_attention_rate": 0.31925677770044214,
      "social_attention_rate": 0.02882208366822423,
      "novelty_attention_rate": 0.4899758943822796,
      "oracle_regret_rate": 0.27083333333333337
    },
    "ablated_mean_metrics": {
      "caution_rate": 0.9583333333333334,
      "exploration_rate": 0.041666666666666664,
      "seek_contact_rate": 0.0,
      "mean_conditioned_prediction_error": 0.023422592765727522,
      "survival_score": 1.5875,
      "danger_attention_rate": 0.3167473229516372,
      "social_attention_rate": 0.033295153751675244,
      "novelty_attention_rate": 0.4914818457410878,
      "oracle_regret_rate": 0.45833333333333337
    },
    "causality_passed": true,
    "ablation_passed": true
  }
}