{
  "threat_hardened": {
    "initialized_mean_metrics": {
      "caution_rate": 0.9791666666666667,
      "exploration_rate": 0.020833333333333332,
      "seek_contact_rate": 0.0,
      "mean_conditioned_prediction_error": 0.034113008457909266,
      "survival_score": 1.598958333333333,
      "danger_attention_rate": 0.5278488800826093,
      "social_attention_rate": 0.030452276039864883,
      "novelty_attention_rate": 0.24796282277976767,
      "oracle_regret_rate": 0.75
    },
    "ablated_mean_metrics": {
      "caution_rate": 0.7916666666666667,
      "exploration_rate": 0.16666666666666669,
      "seek_contact_rate": 0.020833333333333332,
      "mean_conditioned_prediction_error": 0.030799769057768427,
      "survival_score": 1.385208333333333,
      "danger_attention_rate": 0.5276828718537792,
      "social_attention_rate": 0.08851033414916713,
      "novelty_attention_rate": 0.25208160434715676,
      "oracle_regret_rate": 0.625
    },
    "causality_passed": true,
    "ablation_passed": true
  },
  "social_trusting": {
    "initialized_mean_metrics": {
      "caution_rate": 0.8125,
      "exploration_rate": 0.08333333333333333,
      "seek_contact_rate": 0.10416666666666666,
      "mean_conditioned_prediction_error": 0.025958566633480368,
      "survival_score": 1.4508333333333332,
      "danger_attention_rate": 0.27503907248209547,
      "social_attention_rate": 0.34110738138200614,
      "novelty_attention_rate": 0.11285886270829995,
      "oracle_regret_rate": 0.27083333333333337
    },
    "ablated_mean_metrics": {
      "caution_rate": 0.9166666666666667,
      "exploration_rate": 0.041666666666666664,
      "seek_contact_rate": 0.041666666666666664,
      "mean_conditioned_prediction_error": 0.023428833841749815,
      "survival_score": 1.5427083333333331,
      "danger_attention_rate": 0.2418124977892374,
      "social_attention_rate": 0.2949018692919303,
      "novelty_attention_rate": 0.08779407475921874,
      "oracle_regret_rate": 0.4166666666666667
    },
    "causality_passed": true,
    "ablation_passed": true
  },
  "exploratory_adaptive": {
    "initialized_mean_metrics": {
      "caution_rate": 0.75,
      "exploration_rate": 0.1875,
      "seek_contact_rate": 0.0625,
      "mean_conditioned_prediction_error": 0.024129837895954437,
      "survival_score": 1.6341666666666663,
      "danger_attention_rate": 0.16995595327187907,
      "social_attention_rate": 0.09419671280662054,
      "novelty_attention_rate": 0.2610512667471435,
      "oracle_regret_rate": 0.375
    },
    "ablated_mean_metrics": {
      "caution_rate": 0.9791666666666667,
      "exploration_rate": 0.020833333333333332,
      "seek_contact_rate": 0.0,
      "mean_conditioned_prediction_error": 0.02508964709292054,
      "survival_score": 1.6018749999999997,
      "danger_attention_rate": 0.16389453557025113,
      "social_attention_rate": 0.009570322741043823,
      "novelty_attention_rate": 0.28234129416600484,
      "oracle_regret_rate": 0.4583333333333333
    },
    "causality_passed": true,
    "ablation_passed": true
  }
}