{
  "identity_commitment_jaccard": {
    "mean": 1.0,
    "std": 0.0
  },
  "policy_distribution_l1_distance": {
    "mean": 0.002846333333333333,
    "std": 0.002078880521391795
  },
  "narrative_prior_l1_distance": {
    "mean": 0.0023873333333333333,
    "std": 0.0017859295121090929
  },
  "personality_profile_l1_distance": {
    "mean": 0.0013686666666666667,
    "std": 0.0010180718158471053
  }
}