{
  "identity_commitment_jaccard": {
    "mean": 1.0,
    "std": 0.0
  },
  "policy_distribution_l1_distance": {
    "mean": 0.008677333333333334,
    "std": 0.011478392638150847
  },
  "narrative_prior_l1_distance": {
    "mean": 0.005741,
    "std": 0.006556352695414324
  }
}