{
  "identity_commitment_jaccard": {
    "mean": 1.0,
    "std": 0.0
  },
  "policy_distribution_l1_distance": {
    "mean": 0.005932,
    "std": 0.0024968365318271575
  },
  "narrative_prior_l1_distance": {
    "mean": 0.004477,
    "std": 0.0035630186639982677
  },
  "personality_profile_l1_distance": {
    "mean": 0.0008973333333333333,
    "std": 0.0006703881131271812
  }
}