{
  "conflict_uncertainty_score": {
    "mean": 0.222081,
    "std": 0.06028974871955154
  },
  "extreme_single_commitment_ratio": {
    "mean": 0.4993475849144044,
    "std": 0.054252763164329094
  },
  "policy_distribution_l1_distance": {
    "mean": 0.109154,
    "std": 0.06460734497459764
  }
}