{
  "identity_commitment_jaccard": {
    "mean": 0.8666666666666667,
    "std": 0.1885618083164127
  },
  "policy_distribution_l1_distance": {
    "mean": 0.009866,
    "std": 0.012036489964548081
  },
  "narrative_prior_l1_distance": {
    "mean": 0.00553,
    "std": 0.0059103783860821185
  }
}