{
  "conflict_uncertainty_score": {
    "mean": 0.23564866666666667,
    "std": 0.0593027230084945
  },
  "extreme_single_commitment_ratio": {
    "mean": 0.511422561221107,
    "std": 0.05727958714310736
  },
  "policy_distribution_l1_distance": {
    "mean": 0.11137133333333332,
    "std": 0.06593826618048801
  }
}