{
  "identity_commitment_jaccard": {
    "mean": 1.0,
    "std": 0.0
  },
  "policy_distribution_l1_distance": {
    "mean": 0.008663666666666667,
    "std": 0.011487385613020144
  },
  "narrative_prior_l1_distance": {
    "mean": 0.0056756666666666665,
    "std": 0.006591140838698226
  }
}