{
  "identity_commitment_jaccard": {
    "mean": 1.0,
    "std": 0.0
  },
  "policy_distribution_l1_distance": {
    "mean": 0.005090333333333333,
    "std": 0.0036014508496191116
  },
  "narrative_prior_l1_distance": {
    "mean": 0.0046819999999999995,
    "std": 0.0038102443491198827
  },
  "personality_profile_l1_distance": {
    "mean": 0.0010043333333333334,
    "std": 0.000786340186489848
  }
}