{
  "world_id": "social_shelter",
  "ticks": 60,
  "event_count": 3,
  "action_distribution": {
    "exploit_shelter": 0.05,
    "hide": 0.4666666666666667,
    "rest": 0.48333333333333334
  },
  "mean_conditioned_prediction_error": 0.03597543586655632
}