{
  "world_id": "foraging_valley",
  "ticks": 60,
  "event_count": 4,
  "action_distribution": {
    "exploit_shelter": 0.016666666666666666,
    "hide": 0.3333333333333333,
    "rest": 0.65
  },
  "mean_conditioned_prediction_error": 0.04924660402145111
}