{
  "world_id": "foraging_valley",
  "ticks": 60,
  "event_count": 4,
  "action_distribution": {
    "hide": 0.26666666666666666,
    "rest": 0.7333333333333333
  },
  "mean_conditioned_prediction_error": 0.032914553171080906
}