{
  "world_id": "social_shelter",
  "ticks": 60,
  "event_count": 3,
  "action_distribution": {
    "exploit_shelter": 0.016666666666666666,
    "hide": 0.45,
    "rest": 0.5,
    "unstable_workspace_note": 0.03333333333333333
  },
  "mean_conditioned_prediction_error": 0.02738014094542649
}