{
  "baseline_salience": 0.32699999999999996,
  "ablated_salience": 0.29025,
  "identity_relevance_drop": 0.03674999999999995
}