{
  "baseline_salience": 0.345,
  "ablated_salience": 0.30224999999999996,
  "identity_relevance_drop": 0.04275000000000001
}